cluster,count,x,y,titles
41,9,2.643986807929145,5.057585928175184,"[OC] Trending Google Searches by State Between 2018 and 2020
*[OC] 2021's Trending Google Searches by State
*[OC] Google Year in Search 2020 Top Search Terms
*[OC] Google searches for different emotions during each hour of the day and night
*[OC] Google search trends in the UK: delivery vs restaurant in the past five years
*Google search interest follows the path of the August 21, 2017 solar eclipse [OC]
*The Life and Death of Social Networks - Google Trends [OC]
*Google searches for Rebecca Black peak on Fridays, but this trend has been diminishing since 2014. [OC]
*[OC] Ranking states by the relative popularity of 'cuckold' searches on xHamster"
16,15,4.780768903096517,4.9850692431132,"I analysed 70 years of baby names in the US to decide what to call a male Karen. It's Terry. [OC]
*11 different brands of AA batteries, tested in identical flashlights. [OC]
*[OC] The popularity of the name ‚ÄòKaren‚Äô has seen a dramatic decrease within the last ten years
*[OC] 10 Years of Tesla Stock Prices
*[OC] popularity of the name ‚ÄúKaren‚Äù over time in the US.
*[OC] Most Popular Baby Girl Names in the US From 1950 to 2018
*[OC] Tesla is NOT bigger than the next 10 biggest automakers put together. I've compressed its rise over the last seven years into a minute. Enjoy!
*[OC] Tesla is now bigger (in market cap) than the next 10 biggest automakers. I've compressed its rise over the last two years in a minute. Enjoy!
*[OC] Which Kitchen Nightmares (US) Restaurants Survived
*The price of electricity from solar declined by 89% in the last 10 years [OC]
*[OC] Tesla's show relatively little battery degradation even after high usage
*Which energy source has the least disadvantages? [OC]
*Tesla's First Quarter, Visualized [OC]
*[OC] Electric vehicles have easily beaten sales forecasts over the past ten years
*Access to Electricity [OC]"
13,101,8.383314472613948,3.749346310549443,"For everyone asking why i didn't include the Spanish Flu and other plagues in my last post... [OC]
*Cause of Death - Reality vs. Google vs. Media [OC]
*Coronavirus Deaths vs Other Epidemics From Day of First Death (Since 2000) [OC]
*[OC] COVID-19 spread from January 23 through March 14th. (Multiple people independently told me to post this here)
*Animation: how does Covid compare to a bad winter flu season? [OC]
*[OC] COVID-19 infections vs. r/Coronavirus subscriptions
*[OC] The Covid-19 death toll
*[OC] RNA sequence of COVID19. This 8kb of data is responsible for all the chaos out there
*[OC] Top 10 Highest Covid-19 donations with the percentage of their net worth
*[OC] USA COVID cases syringe
*[OC] This chart comparing infection rates between Italy and the US
*[OC] U.S. COVID-19 Deaths by Vaccine Status
*3D Map of COVID Cases by Population, March through Today [OC]
*[OC] The Pandemic in the US in 60 Seconds
*USA Cigarettes Sold v. Lung Cancer Death Rates [OC]
*More Americans Have Died From COVID Than From All Foreign Conflicts in US history [OC]
*Cardiac Related Deaths During 2013 in the Contiguous USA Compared to Waffle House Locations. (Follow up to previous post) [OC]
*[OC] A plot of COVID-19 cases with quotes from the President superimposed. Data from wikipedia/JHU and Snopes. Made with Mathematica.
*My attempt to graphically combat the idea that U.S. has more cases because we test more. [OC]
*[OC] Symptomatic breakthrough COVID-19 infections
*[OC] American War Casualties + Death Rate Compared with American COVID Deaths
*[OC] Watch COVID-19 spread throughout the UK in this animation
*Comparing COVID-19 vs. Influenza Mortality in the U.S. [OC]
*Chance of Death per Year [OC]
*[OC] Every Mental Disorder Diagnosis in the DSM-5
*[OC] COVID-19 Cases in the US by County Over Time
*[OC] Covid cases and deaths in the U.S. as a percentage of total population. 1 square = 10,000 people.
*Negative reviews for the most popular scented candles on Amazon appear to be correlated with the rise of Covid-19 cases in the US.
*[OC] Visualizing Covid-19 Deaths As Spheres in a Tank
*US Covid death toll visualisation with coffins and White House (3D model) [OC]
*Hi, I'm the guy who aggregated &amp; processed the dataset for the two COVID-19 posts that went to the front page yesterday. Here's my visualization of how that dataset compares to other causes of death. [OC]
*US COVID-19 deaths. One death per pixel, one day per second [OC]
*[OC] US Covid patients in hospital
*[OC] ""Whitest"" Injuries: Percentage of Individuals who went to the ER for a given activity who reported as White (See https://freaktakes.substack.com/p/whats-whiter-than-golf-and-horse for the rest of the list. ""batons"" and ""paper cutters"" even made it!)
*Image showing secondary locations of anonymized mobile devices that were active at a single Fort Lauderdale beach during spring break 2020.
*[OC] COVID-19 US vs Italy (11 day lag) - updated
*Coronavirus Cases in USA by Political Party of State Governor, Updated Jul 9, 2020 [OC]
*COVID-19 accounted for more line-of-duty police deaths last year than all other causes combined [OC]
*[OC] Covid-19 Vaccination Doses Administered per 100 in the G20
*[OC] How dangerous cleaning the CHERNOBYL reactor roof REALLY was?
*[OC] NO2 pollution maps of major cities during Covid-19 lockdowns compared to same period last year.
*[OC] My friend believes that COVID-19 is overhyped, no worse than the flu, so I made this graph for him. Hopefully I am comparing apples to apples here like I intend to. Criticism is welcome, please tell me if the columns I am comparing here don't make sense to compare!
*[OC] Joe Biden was right, 1 in 1000 Black Americans have died from COVID-19
*[OC] Number of Coronavirus cases, deaths and tests performed in two democracies with similar populations: South Korea (pop: 51 million) vs Italy (pop: 60 million)
*[OC] Active Covid-19 cases per Capita in USA. 1/21/2020 - 8/23/2021
*[OC] Florida's covid illusion: the worst is always just behind us
*[OC] The effect COVID-19 has had on jobs across the nation
*[OC] Deaths per week: 2020 vs. previous years
*[OC] Obesity rate in the United States (1985‚Äì2021) / Coronavirus update
*[OC] Deaths by age group in the United States due to September 11,2001 Terrorist Attacks and COVID-19
*[OC] Confirmed cases in North America, showing the impact on NY (27 March)
*[OC] The race to vaccinate begins
*[OC] Number of Days Since Last Peak of New COVID-19 Cases for each US State (on a 7-Day Average)
*How Herd Immunity Works [OC]
*Coronavirus Fatalities Tracker [OC]
*Working on a COVID-19 simulator, here's a few scenarios visualised [OC]
*[OC] National Lockdown Timings in the UK
*Overlap of complaints about candles having no scent, and Covid cases
*[OC] Number of death per day in France, 2001-2020 (daily number of death)
*[OC] Should you be too worried after taking the J&amp;J vaccine despite it being paused (out of an abundance of caution)?
*[OC] Florida makes up 6.5% of the US population but has 20% of new Covid cases and hospitalizations.
*Obituaries saying someone ""died suddenly"" closely track opioid deaths [OC]
*[OC] Known COVID Cases per Million Residents (the CDC chart didn't take population into account so this does)
*[OC] Total coronavirus cases and worldwide Pornhub traffic relative to normal
*[OC] Total deaths per day in Spain from 1941 to 2020
*[OC] Covid-19 Confirmed cases bar chart race
*[OC] No-one wants me to stay safe anymore: the rise and fall of the pandemic email signoff
*[OC] Last 7 days Covid deaths per 1M people for the 25 largest countries in the world (based on population)
*Watch COVID-19 spread throughout the continental United States [OC]
*[OC] Coronavirus death rate by age - Italy vs. China vs. Korea
*[OC] A regional breakdown of the United States COVID-19 curve
*Yearly road deaths per million people across the US and the EU. This calculation includes drivers, passengers, and pedestrians who died in car, motorcycle, bus, and bicycle accidents. 2018-2019 data üá∫üá∏üá™üá∫üó∫Ô∏è [OC]
*[OC] COVID is the #1 cop killer in the United States
*Death count of various pandemics as a ratio of world population [OC]
*Modern day slavery - 6500 dead migrants since Qatar was named World Cup host
*[OC] USA Covid cases per 100k stratified by county voting pattern
*COVID-19 spread in the factory with 100 workers from one infected person. [OC]
*[OC] [Updated] I‚Äôve made a UNIQUE interactive dashboard for tracking COVID19
*[OC] Percentage of total COVID-19 cases that are from the past month
*[OC] Total deaths per week in the Netherlands from 1995 to 2020
*One pixel per US COVID19 death [OC]
*[OC] Looking at total deaths by ANY cause, the USA is more than 250,000 deaths over budget for 2020. This graph shows how many deaths have happened more or less than expected each week since 2017.
*[OC] US contribution to 1918 pandemic dead vs 2020 pandemic dead
*[OC] timelapse and prediction of Wuhan coronavirus infections in Mainland China
*[OC] COVID-19 reported deaths in the last week
*Average daily cases (7-day average) per million Canada-USA [OC]
*Erectile dysfunction is 3x higher in covid positive men according to this study...
*[OC] U.S. county-level map of approximate active cases of COVID-19 per 100k population
*Timelapse of weekly confirmed Covid-19 cases per 100K population by state/province from March until now [OC]
*[OC] Updated version of the Covid-19 Global view that I created - now defaulting the view to per-capita reported covid cases.
*How the lockdown changed gaming habits - The affect of COVID-19 on daily active users on Steam [OC]
*3D Rendering of New COVID-19 Cases per Capita [OC]
*[OC] The Pandemic Did Not Reduce July 4 Fireworks Injuries
*COVID-19 among fully vaccinated people in LA County [OC]
*[OC] If you get coronavirus, how likely are you to die from it?
*The Burger King Pandemic [OC]
*[OC] Are Covid-19 vaccinations working?
*1 in 3 adults are depressed or anxious due to COVID-19
*[OC] Top 20 Netflix shows while Covid-19 kept us home (2020)
*[OC] Weekly Deaths From All Causes By Year in the United States (2014 - 2020)
*[OC] Coronavirus in Context - contagiousness and deadliness"
48,23,4.043350924616274,5.981211848880934,"Let's hear it for the lurkers! The vast majority of Reddit users don't post or comment. [OC]
*The most awarded reddit posts [OC]
*[OC] ""OK Boomer"": # of unique reddit accounts per subreddit
*For 18 months i have been asking Redditors to PM why they downvoted me. These are their responses [OC]
*[OC] Price of Reddit Awards
*TFW the top /r/dataisbeautiful post has data all wrong (How much do different subreddits value comments?) [OC]
*The Average Faces of 42 Different Subreddits [OC]
*Top 10 downvoted comments, adjusted for EA [OC]
*1% of all communities initiate 74% of all conflicts on Reddit
*How the average comment length compares between subreddits [OC]
*[OC] Oh Bananada
*Frequency of Reddit Comments Since 2006, Split by Commenters' Account Age [OC]
*1% of reddit has 47% of all karma earned in 2015 [OC]
*Reddit's Opinion on the Redesign ‚Äî Who loves it and who hates it (n=375) [OC]
*The availability of three character usernames on Reddit [OC]
*Reddit posts that held a record number of upvotes [OC]
*[OC] Grade Reading Levels of Popular Subreddits
*[OC] How Likely Is a Post in r/dataisbeautiful to Get More Than 1000 Upvotes Depending on When it‚Äôs Posted?
*Top subreddits filtered from /r/popular [OC]
*[OC] Effective cost of the different ways of getting Reddit Premium
*Sometimes I forget my own username and get really confused when someone sends me a message with just ""blue"" written in it. Here's a tally of the (nearly) 3 years of PM's I've received. [xpost from /r/PMclub] [OC]
*[OC] A simple chart about the kinds of DMs this username has gotten me over the past three weeks
*How much do different subreddits value comments? [OC]"
10,34,6.349719257915721,5.662807941436768,"US College Tuition &amp; Fees vs. Overall Inflation [OC]
*[OC] US oil price
*[OC] Inflation and the cost of every day items
*[OC] Where have house prices risen the most since 2000?
*[OC] Walt Disney World Ticket Price Increase vs Wages, Rent, and Gasoline
*[OC] Data visualization of American wages and productivity over time
*There was a spike in buying of Kodak stock in the day BEFORE the announcement of a massive loan from the US government caused the price to skyrocket over 1000% [OC]
*New Teachers are Earning 11% Less Than They Were 30 Years Ago When Adjusted for Inflation
*[OC] Last week's stock market volatility in 30 seconds
*[OC] UK housing most unaffordable since Victorian times
*Price of full tank of gasoline (60 l) as a percentage of average monthly net salary across the world [OC]
*[OC] US wages are now falling in real terms
*[OC] Costco hot dog combo vs inflation
*US College Enrollment Has Dropped by 3.1 Million Students Since 2012, But Annual Tuition Revenue is Up by $6.9 Billion
*What my gross income of 60000‚Ç¨/year is actually used on in Europe, Austria [OC]
*[OC] US government revenue, spending, and deficit in 2021
*[OC] Surge in Egg Prices in the U.S.
*[OC] US Government Debt-to-GDP surges to levels not seen since WW2
*[OC] Houses earned per year at US Federal minimum wage
*Teachers Spend 3x More On Classroom Expenses Than They're Able To Deduct On Taxes
*U.S. Debt, calculated down to the penny every day for the last 26 years, alongside GDP [OC]
*[OC] Salaries vs House prices in UK
*[OC] If the US paid its debt in Pennies the Pile would almost reach Pluto
*Where can you afford to live on the minimum wage in the United States? [OC]
*US airlines recently received billions in bailouts. I'm building a dashboard that tracks how much different publicly traded companies rely on government contracts and grants. [OC]
*[OC] Australian Tax return showing where taxes are spent
*[OC] In the United States, the cost of 1 Coca Cola Bottle will buy you 20 bottles in Iran - Comparing the cheapest and most expensive commodity prices around the world in relation to the US.
*Rent prices are soaring across the United States [OC]
*Parents now spend twice as much time with their children as 50 years ago
*JPMorgan announced today that it is investigating the misuse of pandemic aid funds. Here are some of the largest companies who took advantage of the paycheck protection program. [OC]
*The salary you need to afford the median priced home in major U.S. metros [OC]
*Price changes in textbooks versus recreational books over the past 15 years [OC]
*Income distributions in Americans' pastimes [OC]
*[OC] Change in prices in the US for consumer goods and services since 2008"
1,49,7.730059886465267,5.539125763640111,"A wish for election night data visualization [OC]
*How representative are the representatives? The demographics of the U.S. Congress, broken down by party [OC].
*Hardest Golfing President [OC]
*[OC] What if ""I didn't vote"" ran as a US presidential candidate in the 2020 election?
*States Kanye West Received Votes In [OC]
*[OC] 2020 electoral map if only ____ voted. Breakdown by each major demographics.
*[OC] I ran a quick poll last week on digital transformation
*[OC] Attendance at Donald Trump‚Äôs rally in Tulsa, compared to the number of tickets Trump claimed were requested.
*[OC] 2020 Presidential Candidates by Net Worth
*[OC] Where the money goes in the US Senate's $2T coronavirus stimulus bill
*[OC] The 2020 election if only people under 45 voted.
*[OC] 1920 Presidential Election
*[OC] Bloomberg's Campaign Expenditures compared to the GDP of the only primary he won
*[OC] Trump voters are less likely to have a college degree
*Try to impeach this? A redesign of the now-infamous 2016 election map, focusing on votes instead of land area. [OC]
*President Trump false or misleading claims while in office [OC]
*[OC] You *could* win just 11 counties and still win the presidency*.
*I made a chart showing the popular vote turnout in 2008, 2012 and 2016. Hillary didn't lose because the Republicans grew their base; she lost because the Democrats didn't come out to vote. [OC]
*Trump is the only president not to register a 50% job approval rating at any point in his presidency since Gallup began measuring presidential job approval in 1938 (Avg Record-Low 41%)
*2020 Presidential Election Results in Bubbles (continental U.S.) [OC]
*[OC] Presidential election forecast: current standings and comparison with 2016.
*[OC] A better way to visualize US Election Results --- reposting because it was deleted earlier. Plus webpage to Zoom further and view detailed results (see pinned post).
*[OC] Distribution of emotions during the presidential debates analyzed using an expression recognition neural network
*[OC] White House Diversity
*The fewest US counties you can remove to change the outcome of the 2016 Presidential Election [OC]
*[OC] Federal Income Tax Paid by Each President While in Office (got removed Tuesday for being political but reposting today)
*[OC] Largest party in 2020 US Presidential Election, by county. County size scaled by number of votes cast.
*Donations to Senators from Telecom Industry [OC]
*[OC] Word cloud comparison between user comments on /r/The_Donald and /r/SandersForPresident subreddits
*[OC] Historical U.S. Senate votes for presidents' conviction on impeachment charges
*[OC] Which media organizations are trusted more by Democrats and by Republicans
*Hardest working president? [OC]
*In his first 10 months, Trump told nearly six times as many lies as Obama did on his entire presidency.
*[OC] Which Generation Controls the Senate?
*Donald Trump paid 63% less for each electoral vote than Hillary Clinton [OC]
*Digital Spending on the 2020 Presidential Elections [OC]
*[OC] The structural advantage held by the Republican Party in the US Senate
*Top 20 Words Tweeted by @realDonaldTrump over 12 months [OC]
*[OC][Updated] U.S. Presidents &amp; how key events influenced their approval rating
*Trump tweet density vs Fox &amp; Friends airtime [OC]
*[OC] President Biden has an approval rating of 54. Here is a comparison of president‚Äôs approval ratings on day 102 going back to 1945.
*What's getting cut in Trump's budget
*[OC] US Electoral College Results if electors were chosen proportionally to votes, instead of winner takes all (2000 - 2020)
*Out of the twelve main presidential candidates this century, Donald Trump is ranked 10th and 11th in percentage of the popular vote [OC]
*[OC] American Presidential Impeachments by Body Weight
*[OC] Distribution of tweets from the Mexican President by hour of the day
*US Inauguration Address: Word Frequency (Biden vs. Trump) [OC]
*What if Sweden had FPTP? [OC]
*Presidential Approval Ratings Since Kenney [OC]"
-1,252,4.803178055891915,4.773962616920471,"[OC] u/IHateTheLetterF is a mad lad
*Area of land burnt in Australia and area of smoke coverage shown as equivalent area over Europe [OC]
*Light Speed ‚Äì fast, but slow [OC]
*[OC] What I'm about to learn about after my kid says, ""Wanna know somefing?"" Data collected over the course of 7 days.
*Distribution of SNICKERS letters in my Halloween candy [OC]
*[OC] Hours of daylight as a function of day of the year and latitude
*[OC] Frequency of compound insults (e.g. ""poophead"", ""scumwad"") in Reddit comments, organized by prefix and suffix
*I‚Äôve been taking Stock Market Chart and turning them into landscape art. An alternative and simple explanation of the pandemic affect these companies. This one a years snapshot of Ford.
*What's going on with GameStop in 4 charts [OC]
*The City is Alive: The Population of Manhattan, Hour-by-Hour [OC]
*[OC] Countries with School Shootings (total incidents from Jan 2009 to May 2018)
*Paths of 800 unmanned bicycles being pushed until they fall over
*Usage Share of Internet Browsers 1996 - 2019 [OC]
*[OC] I cycled through all the streets Central London
*Robinhood is getting wrecked in the App Store [OC]
*Pornhub traffic in Hawaii during the ""missile alert""
*Berlin Subway Map compared to it's real geography [OC]
*[OC] Two thousand years of global atmospheric carbon dioxide in twenty seconds
*Light speed is fast, but space is vast [OC]
*[OC] I updated our famous password table for 2022
*People killed in terrorist attacks in 2017: Europe (Blue) vs Africa (Red) [OC]
*[OC] What percent Gordon Ramsay‚Äôs Kitchen Nightmares are still open?
*The Great Pacific Garbage Patch [OC]
*Donald Trump's tweet announcing his COVID-19 diagnosis is, by far, his most liked tweet since becoming US president [OC]
*[OC] I got annoyed with FedEx and created a visualization of my package's journey.
*[OC] I've made an interactive map of reddit based on 176 million comments
*In America, young adults are now more likely to live with parents than spouses [OC]
*Most of the drug arrests in the U.S involve a gram or less and 70% are for marijuana
*Gaussian distribution [OC]
*[OC] Capitol insurrection arrests per million people by state
*What if you bought $100 worth of X a year ago? [OC]
*[OC] ""My eyes hurt""
*Animating the Mercator projection to the true size of each country in relation to all the others. [OC]
*[OC] U.S. COVID-19 cases by 2016 election results
*Youth behavior trends in the United States, 9th grade, 14-15 years old [OC]
*[OC] Size of bank failures since 2000
*Taylor Swift's Newfound Infatuation with Alcohol [OC]
*[oc] How taboo and popular are sexual fetishes? A survey of 2044 respondents.
*[OC] Quitting Social Media as a 22-year-old
*The Unit Circle [OC]
*[OC] Source of the most residents born out-of-state, 2017
*[OC] Countries by military spending in $US, adjusted for inflation over time
*[OC] ‚öΩÔ∏èAll the passes, a visualisation of ~1 million passes from 890 matches played in major football leagues/cups. Interactive visual: https://observablehq.com/@karimdouieb/all-the-passes done in with Three.js using data from StatsBomb.
*2020 brought out Taylor Swift's profane side [OC]
*Selected leaders during the Queens reign (up to now) [OC]
*[OC] How Uber took over New York City
*Ratio of land and sea at different latitudes [OC]
*Bar chart of the summarized hight of all 2x2 LEGO DUPLO bricks my son owns, ordered by color. It's his first bar graph, so please be gentle. [OC]
*USA: Who do we spend time with across our lifetimes? [OC]
*[OC] Time lapse of running every street of Salt Lake City, Utah in 2020.
*[OC] These 6 areas in the US have roughly the same GDP as California (repost, this time with sources)
*Effects of title length [OC]
*[OC] Interaction Intensity in the Simpsons
*Area of land burnt in Australia compared to the size of Ireland. [OC]
*Rolls of toilet paper used per person per year [OC]
*[OC] The popularity of the name ""Mabel"" in the United States skyrocketed after Gravity Falls came out
*78% of the drug arrests in the U.S involve a gram or less and 70% are for marijuana.
*[OC] Crop to Cup. I grew coffee and drank it, made some notes.
*[OC] Rating of Simpsons episodes according to IMDB score.
*10 bands of latitude and longitude with equal populations [OC]
*Density map of stars on national flags [OC]
*Vegetation intensity throughout the year for Africa [OC]
*[OC] Young adults are leading the mass exodus from Christianity in the US
*Marijuana responsible for 0 overdose deaths while opioids killed more than 20,000 Americans[OC]
*[OC] A comparison of NATO and Russia's military strength
*What if every day, 1% of humans turned into turkeys and 1% of turkeys turned into humans [OC]
*[OC] 3 months of playing Minecraft on a multiplayer hardcore world visualized!
*[OC] Cost of hosting the World Cup
*[OC] Numerical Simulation of Traffic Jam Formation
*Citadel paid $88 million to Robinhood in Q3 2020 for ""order flow"", making up nearly half of Robinhood's revenue. Citadel is an investor in funds betting against GME share price. This week, Robinhood prevented customers from purchasing GME shares. ü§î [OC]
*I‚Äôm working on a dashboard which maps 600,000 Paycheck Protection loans so that you can see which businesses in your neighborhood were able to get funding and which were not. It‚Äôs a slow process, but after running code all day I have 9 states done. [OC]
*[OC] The richest person in each state as of 2019
*Heat map of posts in r/EarthPorn in the last 10 years [OC]
*Daily airline passengers in 2019 vs 2020 [OC]
*[OC] Each color represents 1/3 of the US population.
*30 Years of Data Reveals the Ever-changing Course of the Padma River [OC]
*[OC] Mississippi, the Poorest State in the US
*[OC] I recorded the race of all 433 actors in the 2022 Super Bowl commercials. Here's how they compare to the actual US population.
*Titanic survival by gender and class. Learning R for the first time and the power of ggPlot
*[OC] Richest Billionaire In Each State
*[OC] Recreational marijuana legalization now has support from over two-thirds of the American public
*[OC] Comparing the GDP of US States with that of countries
*[OC] Costco's 2022 Income Statement visualized with a Sankey Diagram
*[OC] Global warming: 140 years of data from NASA visualised
*[OC] Causes of Financial Loss in the USA, 2011
*[OC] The invasion of the brown marmorated stink bug
*How I Wrote My Master's Thesis [OC]
*Most spoken languages in the world [OC]
*Heart rate during layoff [OC]
*CO‚ÇÇ concentration and global mean temperature 1958 - present [OC]
*World Mercator map projection with true country size and shape added [OC]
*US States ordered by life-expectancy - Animation [OC]
*The economics of a typical cup of coffee [OC]
*[OC] How google describes Canada
*My Netflix viewing statistics so far [OC]
*I just finished paying off my student loan! üìâüí∏üéâ [OC]
*[OC] A full year of income and expenses through my first year living by myself!
*[OC] Chart of iPhones
*[OC] The sad truth.... Adoptions in Mexico in 2019
*[OC] Percentage of people identifying as LGBTQ+, by generation
*From Bill Gates on Twitter. 'For every $1 spent on childhood vaccines, you get $44 in benefits. You can‚Äôt beat that deal'. Source: WHO/UNICEF
*100 Historic Lives, through the decades [OC]
*USA vs. Russia Arms Sales from 1950 to 2017 [OC]
*[OC] Cost of a 30-second Super Bowl commercial by year (bananas for scale)
*""Fuuuuck"", orthographic repetition on Twitter [OC]
*Countries with the Largest Defense Budgets [OC]
*[OC] The Simpsons Couch Gags
*[OC] China's one child policy has ended. This population tree shows how China's population is set to decline and age in the coming decades.
*[OC] Dataviz rule #0 illustrated: text in plots should be horizontal
*Internetspeed me and my roommates pay and what we receive [OC]
*[OC] ""What is one country that you will never visit again?"" Answers from r/AskReddit top post today. **DATA CORRECTED**
*[OC] Costco hotdog &amp; soda combo price 1985 vs 2022
*Do women who pose with their art on r/pics get more upvotes? [OC]
*The eastern sides of English cities tend to be poorer. This pattern can be traced back to the Industrial Revolution, when winds blew pollution east, causing the rich to flee west.
*America‚Äôs new tobacco crisis: The rich stopped smoking, the poor didn‚Äôt
*Americans overestimate and underestimate the sizes of many groups
*Top 50 Sites in the United States [OC]
*Uses of the word ""Fuck"" in the r/soccer match thread during yesterdays game between England and Croatia. 3.86% of 40,888 comments used the word [OC]
*Sen. Richard Burr stock transactions alongside the S&amp;P 500 [OC]
*CCTV Cameras Per 1000 People [OC]
*Ride-hailing apps are now 65% bigger than taxis in New York City [OC]
*Hi, I'm PM_ME_YOUR_FAV_COLOR. You may remember me from that crappy pie chart of 100 or so favorite colors I posted about a year ago. I figure it's about time you all deserve an update. Here are thousands of Reddit users' favorite colors. [OC]
*[OC] Where every plastic ever made ended up
*Super Bowl Ads: The use of sex as a selling device has almost been wiped out! [OC]
*[OC] Football Passes Visualizing. 880k passes in 890 matches
*[OC] I let my players choose their color using a HUE slider, here are the results!
*Percentage of U.S. women never married, by age, 1980 &amp; 2015 [OC]
*[OC] Franchise Earnings Comparison Over 20 Years
*Elon Musk has received 10x more compensation than any other U.S. CEO over the last year [OC] [Updated]
*[OC] Vegetation of Africa 2019
*Reddit is Changing its Mind about Elon Musk [OC]
*[OC] Estimated Civilian Owned Firearms by Country
*[OC] Update: What worries Reddit? What 1000 people messaged me about over 2 years
*How long did you wait before: [OC]
*What Apple could buy with its cash reserves. [OC]
*[OC] Just finished my first semester of medical school, I kept track of my study hours and exam scores.
*[OC] Neural network learning to approximate Sine-function
*[OC] Decoding the stars | Visualizing the message in Perseverance's parachute
*[OC] Map showing how the first 8 days of Russia's invasion of Ukraine unfolded
*[OC] How marathon record times for women and men have changed over the last century
*[OC] I ran every street in my local area and wrote a tool to animate the data
*Largest employer in each U.S. state: 22 of them are Walmart
*[OC] I tracked every ‚Ç¨ I spent in 2020.
*Share of men/women for the 30 most common occupations in Switzerland [OC]
*[OC] Visualizations of (more) movies in one figure
*Internet Communities Popularity on Google Trends [OC]
*[OC] Number of nuclear warheads by country from 1950 to 2021
*Apple's Latest Quarter, Visualized [OC]
*Why my microwave makes me lose Wi-Fi connection. Part 1? [OC]
*Longest Reigning Monarchs [OC]
*Draw an iceberg (or choose one) and see how it floats - Iceberger Remixed [OC]
*Number of listings per drugs category on a popular darkweb market [OC]
*Births by age group of mother in the United States [OC]
*[OC] One-in-five teens are almost constantly on YouTube
*[OC] Price of Dogecoin during Elon Musk's appearance on SNL
*[OC] The remarkable decline in child mortality, where each dot is a country.
*Less than 5 percent of U.S. World War II veterans are still alive [OC]
*10 years of Steam activity animated [OC]
*GDP Concentration in the US. 81 counties (out of 3.1K) produced 50% of the GDP [OC]
*[OC] The Cost of Sequencing the Human Genome.
*[OC] Top 10 Most Viewed Youtube Videos 2006-2019
*[OC] I made web 3D interactive visualization of Periodic Table of Elements
*[OC] Percentage of total internet users that visit reddit.com per day
*[OC] Baby Girl Names - US, England/Wales Comparison - (1890 - 2019)
*Buying and selling of stock by U.S. senators alongside the S&amp;P 500. Analysis of individual senators‚Äô trading in comments. [OC]
*[OC] Time that fathers and mothers spend with their children (1965-2010)
*[OC] How Sugary can these cereals get?
*[OC] How Americans view flags in 2022
*[OC] Herschel Walker makes everything worse
*[OC] This time last year, I got rejected 168 times out of the 172 applications I sent
*[OC] The Deadliest Hunters On Land
*Number of days Thai king has spent abroad vs in Thailand since 2017 [OC]
*[OC] The Percent of Americans Who Believe Abortion Should Be Illegal (1975-2020)
*Reddit's favorite swear word is 'shit'; the subreddit with the dirtiest mouth is /r/TwoXChromosomes [OC]
*[OC] Much of Latin America has caught up to the 90%+ literacy rate the US has had since 1900.
*Like vs Dislike Per Year On Youtube Rewinds (So Far) [OC]
*2 years of photosynthesis, as seen from space [OC]
*[OC] I‚Äôve been recording what time the garbage truck picks up my trash using my doorbell camera. It seems roughly every 2 months, they have a ‚Äútraining truck‚Äù that comes by much later in the day. Probably a rookie driver is learning how to use the robot arm‚Ä¶
*[OC] CDC NISVS data visualized using the CDC's definition of rape vs a gender-neutral definition of rape.
*City maps from Airbnb location ratings [OC] [2123x2123]
*The Cost of Our Baby's Birth (C-Section) in the US [OC]
*[OC] the Americas in just a few lines
*Seven Deadly Sins by Country [OC]
*[OC] Most Followed Individual Science-Related Accounts On Social Media
*[OC] My Income and Spendings First Year of Post College Employment
*[OC] Titanic Losses
*[OC] Most Popular Programming Languages according to GitHub
*Message frequency by daytime for some of my chats [OC]
*Since 2014, Marijuana Sales in Washington State Have Exceeded $1 Billion [OC]
*binary message in Perseverance rover parachute [OC]
*[OC] Post office locations in the continental US: 1770-2002
*Moore's Law graphed vs real CPUs &amp; GPUs 1965 - 2019 [OC]
*[OC] Does healthcare spending correlate with life expectancy?
*A cube of CO‚ÇÇ concentration from the Industrial Revolution to present. [OC]
*[OC] Made a chart with the comments I‚Äôve received on my r/RoastMe post
*Contiguous United States Border Elevations [OC]
*I sold 7 Bitcoin last month, here is how I've used the money [OC]
*I spent 2 minutes doing mental math every day for 50 days in a row. Here's how many problems I was able to do each day in those 2 minutes. [OC]
*[OC] Updated size of bank failures since 2000
*3 Months of searching for a rental apartment in Berlin [OC]
*Each week for the last few months, I bought 3 Powerball tickets for $6 and invested $6 into a Robo-Advisor App to compare return on investment [OC]
*Fastest animals in the world, properly scaled [OC]
*Number of Wilhelm Screams per Lord of the Rings Movie [OC]
*[OC] US Streaming Services Market Share, 2020 vs 2021
*Main source of sex education for men and women [OC]
*Map of the traffic that came to my server after my post hit the front page [OC]
*[OC] Twitter Sentiment On Will Smith Before and After Slap
*[OC] Population change of Ireland‚Äôs counties from 1841 to 2016
*[OC] Amazon Has 40% of All E-Commerce Sales in the US
*Retail Marijuana Sales top $1 Billion in Colorado [OC]
*Average Monthly Rent Comparison - 540 Cities - Expanded [OC]
*One year of taxi trips in Porto, Portugal [OC]
*How many leaders the Queen saw coming and going. [OC]
*An app I made for visualizing country borders throughout history (2000 BC - 1994) [OC]
*[OC] Survey results: couples pubic hair preferences from r/SampleSize
*[OC] The leading causes of death among children in the US, ages 5‚Äì14
*[OC] Percent population change in the US from 2010 to 2018 by county
*[OC] The share of Latin American women going to college and beyond has grown 14x in the past 50 years. Men‚Äôs share is roughly ten years behind women‚Äôs.
*[OC] The migration of my ancestors from 1548 till 2018
*[OC] The (corrected, please see description comment) Exodus from Tex(odus) from 2014-2019.
*Highest altitude humans have been each year since 1961 [OC]
*Frequency of Pi digits [OC]
*I created a tool to automatically extract the most important sentences from an article of text; it also has a physics-based network visualization of the underlying algorithm [OC]
*10,000 attempts at spelling Matthew McConaughey [OC]
*The Entire History of Minecraft, visualized with historic Google search popularity (2010-2020) [OC]
*This map shows all of the earthquakes with a magnitude greater than 5.0 over the last 20 years. [OC]
*[OC] Alcohol-Impaired Driving Deaths by State &amp; County
*The objects authors most frequently use for size comparisons, past and present [OC]
*[OC] All Ships on Earth (every cyan dot is a vessel)
*[OC] Average Annual Rainfall in inches by US County
*The Economics of Disney buying Marvel 10 years ago [OC]
*Heart rate during PhD comprehensive exam [OC]
*[OC] The 2020 Stock Market's Collapse and Recovery in 60 seconds
*Peak time for sports and leisure [OC]
*[OC] A more detailed look at people leaving California from 2015-2019.
*[OC] 20 years of deforestation in the Amazon
*[OC] The massive decrease in worldwide infant mortality from 1950 to 2020 is perhaps one of humanity's greatest achievements.
*[OC] Obesity rate (%) by country over time
*Framed an earthquake record (seismogram) for my office [OC]
*Is it a Duck or a Rabbit? For Google Cloud Vision, it depends how the image is rotated. [OC]
*2022 Pornhub Insights
*[OC] The Most Streamed Programs
*Does r/AmItheAsshole upvote assholes? [OC]
*The words most spoken by every Avenger [OC]
*Most Followed Twitter Accounts (as of Oct. 29th, 2020) [OC]
*[OC] Of the Top 20 Most Visited Websites in the US for Feb 2021, only 3 are Non-US (and they are all Porn Sites)
*Center a map projection onto the country of your choice and see how projections distort the view of the rest of the world [OC]
*Visualisation of words spoken between Romeo and Juliet characters [OC]
*[OC] Relative Google search interest of popular TV series after last episode air date
*Manhattan Building Age | 1719-2019 [OC]
*The PS2 is 20 years old today and still the best selling console of all time!
*Roman Emperors by Year [OC]"
17,8,3.3423409163951874,3.1450089514255524,"The environmental impact of Beyond Meat and a beef patty [OC]
*I grew 97 different types of broccoli this summer and visualized their biological diversity [OC].
*The environmental impact of lab grown meat and its competitors [OC]
*What happens when you pull the plug on the Marianas Trench [OC]
*Earth's surface area by type/usage [OC]
*[OC] The biomass distribution of the animal kingdom
*Scale &amp; Composition of Earth‚Äôs surface: crust, water and atmosphere [OC]
*[OC] Size niches of life on Earth"
0,21,6.424770900181362,6.751600492568243,"[OC] To show just how insane this week's unemployment numbers are, I animated initial unemployment insurance claims from 1967 until now. These numbers are just astonishing.
*[OC] my experience of trying to find a job as a pilot in the last four months.
*[OC] What job hunting has been like as a 2020 graduate so far
*[OC] Result of 6 days of job hunting as an experienced ICU nurse searching for a travel nurse contract.
*61% of ‚ÄúEntry-Level‚Äù Jobs Require 3+ Years of Experience
*6 months of job hunting, by city, until I finally landed a job! [OC]
*[OC] My job search as a newly qualified paramedic in the UK
*You're as likely to get a job interview meeting 50% of job requirements as meeting 90% of them [OC]
*61% of ""Entry-Level"" Jobs Require 3+ Years of Experience [OC]
*Netflix Employees Are Happier With Their Job Than Facebook or Google Employees.
*[OC] College and University Openings
*My 6-month job hunt as a chemistry Ph.D [OC]
*[OC] Companies With the Most Software Job Postings in Each U.S State
*[OC] UPDATE to UNEMPLOYMENT across the USA
*[OC] As requested, here's an updated graph of initial unemployment claims in the US. In the last week alone, nearly 6 million Americans filed for unemployment. This breaks the previous record of ~3 million... which was set the previous week.
*[OC] Sorting through 1016 Resumes for 8 Warehouse Jobs (June - November 2020)
*[OC] Layoffs in the tech industry over the last month for selected companies
*[OC] My 2-month long job search as a Software Engineer with 4 YEO
*moved countries. here's six months of job hunting for an engineering management position. [OC]
*[OC] Attempts to file an unemployment claim in New York by phone
*It ain't much, but it's honest unemployment [OC]"
6,13,3.1734231618734507,4.060519988720234,"Gaze and foot placement when walking over rough terrain (article link in comments) [OC]
*Double pendulum motion [OC]
*Retinal optic flow during natural locomotion [OC]
*Visualizing the human footprint [OC]
*[OC] Illustration of different path finding algorithms, created with python and pygame
*[OC] Comparing two pathfinding algorithms
*[OC] Motion tracked flow visualization - Integrated CFD result with a real video footage
*Gaze and foot placement when walking over rocky terrain (an upgraded version of a post I made 3 years ago! link to the peer-reviewed publication in comments! [OC]
*Visualizing the depth-first search recursive backtracker maze solver algorithm [OC]
*Open Source 3D r/Place VR Visualizer [OC]
*[OC] Visualizing the A* pathfinding algorithm
*Projectile Motion at Complementary Angles [OC] (Re-upload)
*Path finding animation in 2D maze using 4 common algorithms [OC]"
43,10,4.004345154762268,3.808355140686035,"I recorded my travels as a professional truck driver since 2012.
*Every Road to Dublin, Ireland [OC]
*Animated optimal routes from San Francisco to ~2000 locations in the U.S. [OC]
*One year of accumulation of crime in central Chicago [OC]
*Three months of walking in a new city as tracked by my phone [OC]
*[OC] This is how London's street grid reveals using only my cycling journeys over the last 5 years Bumblebee style.
*[OC] An update to the travel heatmap I did a year ago.
*Heat map of damaged or looted buildings from the Minneapolis riots [OC]
*[OC] How the Suez Canal Crisis has created the world's worst traffic jam
*[OC] Traffic Light Sequences in Europe"
40,6,4.585835377375285,6.184876283009847,"[oc] I sat by a fire and recorded what people said
*Birthday frequency graphic featured in today's New York Post [OC]
*It's my birthday! What are the most common birthdays in the United States? [OC]
*[OC] I work at a Golf Course, got bored and wanted to investigate the reasonings behind our 46 1 &amp; 2-star reviews.
*[OC] Number of ""Birthday"" posts on my Facebook wall per year
*[OC] Had a sick day yesterday, decided to figure out which famous person, based on their date and location of birth, was most likely conceived at the 1969 Woodstock festival. It's Tina Fey."
24,14,3.5009036915642873,1.9963316661970956,"[OC] Two thousand years of global temperatures in twenty seconds
*xkcd: Earth Temperature Timeline
*Southern Texas got as cold as Alaska. The freezing temps prompted dangerous blackouts in several cities [OC]
*Monthly global temperature between 1850 and 2019 (compared to 1961-1990 average monthly temperature). It has been more than 25 years since a month has been cooler than normal. [OC]
*Right now a Texas-sized expanse of sea ice is missing from the Bering Sea. New record lows have been set for the past 80 days in a row [OC]
*How long ago were the warmest and coolest years on record [OC]
*Much of Canada and the upper midwest forecasted to be colder than Mars today [OC]
*Earth surface temperature deviations from the means for each month between 1880 and 2017 [OC]
*How long ago were the hottest and coldest years on record around the world. [OC]
*July 2016 was unquestionably the hottest month in 136 years of continuous record. Here's how every month since 1880 compares [OC]
*Periods of the year when the UK average temperature are about the same [OC]
*On June 29, Lytton, Canada, set a record for the highest temperatures recorded in the country's history. By the time you've read this post, wildfires have destroyed the majority of the village. [OC]
*Global monthly temperature anomaly showing May 2020 warmest May on record [OC]
*Periods of the year when average UK temperature is the same [OC]"
35,13,5.245464838468111,6.3621212519132175,"Leonardo DiCaprio Refuses to Date a Woman His Age [OC]
*All Tom Cruise's wives were 33 at time of divorce...[OC]
*Leonardo DiCaprio has split with Camila Morrone [age 25] providing further evidence that LeosLaw, discovered here by u/ TrustLittleBrother, holds true.
*What women want over the years [OC]
*Sexual attraction among women and men aged 18-24 [OC]
*The difference between Men's and Women's pockets
*[OC] The Surprising Age Gaps of Disney Couples
*Average age at first marriage [OC]
*Roy Moore vs. ""Half your age plus seven"" [OC]
*[OC] The ages that Disney Princesses are supposed to be
*""Both men and women pursue partners who are on average about 25% more desirable than themselves.""
*As Johnny Depp got older / more successful, his GF's got younger [OC]
*Male/female age combinations on /r/relationships [OC]"
42,15,2.596547985076904,5.495767561594645,"[OC] Most Popular Web Browsers between 1995 and 2019
*The impact of smartphones on the camera industry [OC]
*[OC] Web browsers over the last 28 years
*[OC] Desktop OS Market Share 2003 - 2021
*[OC] Most Popular Mobile Operating Systems 2000 - 2020, thanks for the valuable feedback of my last post!
*[OC] Most Popular Windows OS 2003 - 2020
*[OC] Most Popular Android Games 2012 - 2019
*[OC] Most Popular Desktop and Laptop Operating System 2003 - 2020
*[OC] In 2007, the smartphone market was dominated by Nokia and Blackberry
*[OC] Google trends data for 'iPhone slow' Vs. new iOS release dates
*Searches for ""iPhone slow"" make huge spikes right after every new iPhone release [OC]
*[OC] Top googled games in Europe, December 2022
*[OC] iPhone is only 14% of global smartphone volume share (left) and 42% of revenue share (mid), but it's 80% of profit share (right)
*[OC] Global Smartphone OS Market Share
*[OC] I compared google trends of ""iPhone is slow"" to the release dates of particular models of new iPhones. Results are interesting"
5,11,5.227227731184526,4.229137680747292,"[OC] Blockbuster Video US store locations between 1986 and 2019
*[OC] Toys ""R"" Us Stores across the US from 1957 to 2020
*Locations of America's Biggest Pizza Chains [OC]
*[OC] Store Locations of the 10 Biggest US Fast Food Chains
*Squirrel to Human Ratio by State [OC]
*All U.S. counties with In-N-Out Burger as of May 2020 [OC]
*[OC] 50 biggest fast food chains by 2021 number of stores in US
*[OC] Top human-caused threats to birds in the US
*Locations of American Taco Chains [OC]
*[OC] Convenience Store Chain With The Most Locations In Each State
*Where in the US are people still googling ""bar"" more than ""delivery""? [OC]"
34,32,2.4352628737688065,6.501516222953796,"Worst Episode Ever? The Most Commonly Rated Shows on IMDb and Their Lowest Rated Episodes [OC]
*[OC] The absolute quality of Breaking Bad.
*Ratings of Disney Animated Classics Vs Live Action Remakes [OC]
*Most F-words in a scripted film [OC]
*Highest Grossing Box Office Bald Actors of Hollywood [OC]
*[UPDATE] I created a movie database site that combines Rotten Tomatoes, IMDb, Letterboxd and Metacritic scores, with Netflix and Amazon Prime availability (Updated to include more Reddit suggested features) [OC]
*[OC] Most Popular Television Series 1951 - 2019
*Movies with the greatest difference between Rotten Tomatoes critic and audience ratings [OC]
*[OC] Avatar the Last Airbender - IMDB Scores
*[OC] Boys vs Girl Pixar Movies?
*[OC] Film Genre Popularity 1910-2018
*[OC] Hollywood's Vanishing Creativity? Proportion of Original Films in the Worldwide Top 50 Grossing Films, 1978-2019
*[OC] The absolute quality of Better Call Saul.
*[OC] The Mandalorian Season 1 episodes displayed as disks, the first frame is the border of the disk, the ending credits at the center
*[OC] Actors/actresses with the most Oscar wins
*Wes Anderson Films and Their Actors [OC]
*[OC] The Longest-Running TV Shows Of All-Time
*[OC] The Highs and Lows of Popular Comedy Shows
*[OC] The Most Watched Netflix Shows
*Cursing vs. Killing in Quentin Tarantino's Films [OC]
*John Wick : Chapter 1 - Interactive [OC]
*[OC] Highest paid actors for a single production
*[OC] IMDB Rating of Each Episode of the Show 'Monk'
*Al Gore's ""An Inconvenient Sequel"" IMDB rating distribution shows that 81.5% of users voted either 1 or 10, giving the film an overall score of 5.0
*Who's Talking in Popular Films: Dialogue Breakdown by Gender [OC]
*TV Show IMDb User Rating Trajectories [OC]
*Tom Hardy: No one cared who I was until I put on the mask ... [OC]
*[OC] Most Popular Movie Genre Combinations
*Swear words in Tarantino movies [OC]
*[OC] Are Male Comedian Funnier? (using IMDB stand-up ratings)
*Marvel Cinematic Universe: 2008-2018 (pre-Infinity War) [OC]
*[OC] Rotten Tomatoes Score of Movies by Marvel Studios"
32,16,4.2084144204854965,3.115888550877571,"US Elevation Tiles [OC]
*Conterminous US elevation generalized by 500km¬≤ hexagonal tessellation [OC]
*[OC] üåã Mt. Fuji Incense Burner - Made with SRTM Elevation Data
*[OC] Oklahoma Elevation
*[OC] Texas Elevation
*[OC] Colorado Topography
*[OC] Maps showing water shortages during May have become increasingly extreme in California
*[OC] Turning USGS LiDAR data of Zion National Park into sculpture...then flying through it üöÅ
*All places in North America with words lake, creek, mountain etc. in their names [OC]
*[OC] Tennessee Elevation
*New border wall construction blocking known jaguar movement corridors into the US [OC]
*Shaded relief map of Japan [OC]
*[OC] The Bedrock Geology of North America
*World elevation map, including bathymetry (ocean floor) [OC]
*I made a map of all the U.S. waterbodies using R [OC]
*[OC] lines of elevation of the Americas from 60¬∞ S to 60¬∞ N"
9,14,3.8566867113113403,4.631535155432565,"Where is each ore found in a minecraft world? [OC]
*Heatmap of numbers found at the end of Reddit usernames [OC]
*Jeopardy! Daily Double Heatmap [OC]
*[OC] Most frequent NBA shot locations
*Where is each ore found in a 1.19 minecraft world? [OC]
*Heat Map of 1,058,383 Basketball Shots from NCAA Games [OC]
*[OC] Fall and rise of The New York Times
*[OC] Country of origin of failed login attempts into my web server
*I logged all the IP addresses which tried to bruteforce one of my servers for three months, then I mapped them to figure out who the baddies are...[OC]
*[OC] According to 2h of my work, this is the average vertical slice of a Minecraft world. I tested 50 501x501 horizontal slices of a random 1.16.1 generated world.
*My Steam account for the last year has had numerous hacking attempts. I decided to graph the origins of each attempt on a map [OC]
*Every shot LeBron James has ever attempted [OC]
*Heatmap of NYTimes Crossword grids by day of week [OC]
*[OC] The Rise and Fall (and Rise) of ""Alexa""."
47,7,4.040669168744769,6.358634676252093,"[OC] If you post on r/AmITheAsshole about these people, what are the odds of you being the asshole?
*[OC] Bloom Dates for Every Flower in My Garden- everyone in r/gardening wanted me to share this here, hope you‚Äôll allow it!
*[OC] r/AmITheAsshole - Asshole percentage by age and sex
*When Does Spring Usually Arrive? [OC]
*[OC] Word Cloud of the body texts of posts on /r/AmItheAsshole
*[OC] I'm not sure if it fits on this sub, but I accidentaly made this while working on my dissertation.
*[OC] A hunch that Onion titles were getting longer is true..."
29,10,4.729119157791137,5.68686695098877,"[OC] Gordon Ramsay and Martha Stewart are being outperformed by Do√±a Angela, a grandma from rural Mexico and her daughter's phone camera.
*[OC] Percent of Air Per Bag of Chips
*Combined faces of top 500 professional golfers [OC]
*[OC] What percent of social media content are ads?
*[OC] The debate drinking game, according to data science! (read comments)
*[OC] Penis Size, Perceptions, and Porn: most people vastly overestimate average length
*[OC] Percentage of Popualtion who believe in God
*[OC] How much liquid does the average man produce in a lifetime
*Share of population using Facebook [OC]
*[OC] Percentage of adults reporting binge or heavy drinking"
15,14,2.7268325771604265,3.360240169933864,"Earth's Submarine Fiber Optic Cable Network [OC]
*Relative rotation rates and axial tilts of (the only) mapped planets and dwarf planets, at 10hours/sec [OC]
*Planets and dwarf planets to scale in size, rotation speed, axial tilt and oblateness (numbered in distance order from Sun) [OC]
*[OC] One hour of active satellites orbiting Earth (sped up by 240x)
*2-D rotation periods of the planets shown to relative scale, eg. Jupiter rotates around 2.4 times faster than Earth [OC]
*[OC] Solar system planets size
*Relative rotation rates of the planets cast to a single sphere (with apologies to Mercury/Neptune) [OC]
*Using data from from NORAD, I made an interactive model of all active satellites in orbit. [OC]
*[OC] The Earth seen from geostationary orbit in true visible color.
*Planets' distances from the Sun VS orbital times. PLUTO INCLUDED, screw the rules! [OC]
*The relative sidereal rotation periods of planets in 2-D (sidereal = relative to background stars) [OC]
*[OC] The Earth seen from geostationary orbit at 4 um in the IR. I processed over 200 GB of data to make this video.
*An astronomical explanation for Mercury's apparent retrograde motion in our skies: the inner planet appears to retrace its steps a few times per year. Every planet does this, every year. In fact, there is a planet in retrograde for 75% of 2020 (not unusual) [OC]
*Size of things if they were same density as neutron stars [OC]"
19,6,6.038916667302449,3.716878890991211,"[OC] The states in blue have a combined total population equal to Los Angeles county, in red.
*There are more cows than people in the states colored blue. [OC]
*Los Angeles County is more populated than nearly 1200 other US counties combined [OC]
*[OC] U.S. Counties with More People than the State of Wyoming
*South Korea's GDP per capita vs. the rest of the world (1970 &amp; 2016) [OC]
*Race and Hispanic origin by county [OC]"
20,17,4.935958469615263,7.198543801027186,"[OC] Tracking my push-ups in 2020. My New Year‚Äôs resolution, was to do 100 push-ups in one go. It was a slow burn, took over 8 months and 48 attempts to build up my strength and stamina (Age 49)
*Coworkers asked what maternity leave was like. This was my wife‚Äôs response:üî•üî•üî•[OC]
*[OC] Last week, I defended my dissertation and recorded my heart rate during the event
*[OC] I've secretly been keeping track of my coworkers Diet Coke consumption
*[OC] I didn't eat food for 15 days and tracked data.
*[OC] How changes in my (22 F) weight correlate to my GPA from Freshman year of HS to now.
*An apple a day, might keep the doctor away, but it definitely doesn‚Äôt contain the most vitamins and minerals in comparison to other fruits! [OC]
*Daily charted my weight loss of 100 lbs over 11 months [OC]
*My heart rate watching my SO leave the country [OC]
*My weight loss over 126 weeks [OC]
*[oc] Tracked my weight from Aug, 2021 to Feb, 2023
*I ate nothing for a week, drank water, here is the data [OC]
*My Weight Loss in 2017 [OC]
*I usually bring my lunch to work, but my co-workers around me don't. I recorded data for 10 weeks on when they begin discussing [OC]
*Vitamin C in some common foods [OC]
*My weight graph since I started a MyFitnessPal logging streak 5 years ago, with significant life events along the way. I've developed a lot of humility. [OC]
*Miles run in 2017 vs New Year's resolution [OC]"
22,26,3.3036540930087748,6.732903370490441,"Lyrical Composition of Daft Punk's 'Around the World' [OC]
*Recorded Music Industry Revenues [OC]
*What's the biggest one hit wonder on Spotify? [OC]
*Hey Jude Lyrical Composition [OC]
*When is it acceptable to start playing christmas music? [OC]
*[OC] ""99 Bottles of Beer"" as a directed graph. Node sizes are proportional to lyric frequency; arrows show which words follow which words.
*[OC] The Slow Decline of Key Changes in Popular Music
*Songs have gotten louder over time [OC]
*Are Pop Lyrics Getting More Repetitive?
*[OC] Evolution of Music Industry Visualized, Revenue by Storage Medium 1977 - 2020
*[OC] English alphabet organised by each letter's note in ABC song
*[OC] Spotify artist's relation network according to their fan bases
*50 best selling albums worldwide [OC]
*Syllables per letter vocalization, American English [OC]
*[OC] The rise and fall of music formats
*Languages by Speaker Count &amp; Type [OC]
*How many times every song by The Beatles has been covered by other artists, listed by album release [OC]
*Rappers, sorted by the size of their vocabulary
*[OC] Most Streamed Artists on Spotify (all time)
*Letter and next-letter frequencies in English [OC]
*Words per song for rap, rock, and country music [OC]
*Frequency of letters in English words and where they occur in the word [OC]
*Music Loudness by Genre [OC]
*[OC] Cumulative Metal Albums PER CAPITA
*The Music Streaming Wars [OC]
*[OC] Bad Bunny is the world‚Äôs highest-grossing touring artist this year."
37,9,3.535832722981771,5.072755124833849,"The Meteoric Rise of Among Us: How a 2 year old game became viral overnight [OC]
*[OC] Recognizing Handwritten Digits As They Are Being Drawn
*Visualizing PI - Distribution of the first 1,000 digits [OC]
*Sorting algorithms visualized [OC]
*A summary of the racers in Mario Kart 8 Deluxe [OC]
*[OC] The world's 187 fastest Super Mario Bros 1 speedrunners after 4 minutes, 55 seconds, and 646 milliseconds.
*[OC] Animal Crossing, Co-occurrence of Species and Personality
*[OC] Co-occurrence of Pokemon Types, Visualised!
*[OC] Amount of Each Mario Enemy During Playthrough, Visualized"
23,6,3.2808156410853067,2.1434144576390586,"Would you rather be hot or cold? [OC]
*[OC] I made this blanket. It's the daily high/low temperatures for Denver in 1992.
*I finished my year long temperature blanket! [OC]
*[OC] Shower Temperature Compared to Handle Position
*[OC] My wife made this blanket that indicates a certain temperature for every day of the year. 2016 Pennsylvania
*2020 Weather as a scarf"
18,16,5.693502426147461,3.909316971898079,"[OC] The yellow states in the map below are the states in which it is legal to own a RACCOON.
*[OC] What foreign ways of doing things would Americans embrace?
*[OC] US States by Wikipedia article length
*[OC] California is the world's 5th largest economy. Here are the top 5.
*[OC] The Oldest Building in Each US State
*How Green is Your State? [OC]
*US state mottos [OC]
*What gender is the majority in each Indian State [OC]
*Most popular states for people leaving California (2018) [OC]
*[OC] Largest Land Predator (by weight) in Each State
*Federal Land Ownership % by US State [OC]
*[OC] Highest Peak in Each US State
*US Dog &amp; Cat Ownership by State [OC]
*[OC] Tallest Roller Coaster in Each US State
*[OC] Racial Diversity of Each State (Based on US Census 2019 Estimates)
*[OC] United States of Agriculture: Top Agricultural Crop in Each State"
33,11,2.6023688316345215,7.074456431648948,"Harry Potter Characters: Screen time vs. Mentions In The Books [OC]
*[OC] How the number of words spoken by a character in an episode correlates with the IMDB score of South Park
*All the times they killed Kenny in SOUTH PARK. ""You bastards!"" [OC]
*'The Office' Characters' Most Distinguishing Words [OC]
*[OC] Screen Time of The Office Characters Throughout Series
*[OC] Screen Time of Friends Characters Throughout Series
*[OC] Who kissed whom in The Office (US)
*Who is The Simpsons main side character? [OC]
*Total WORDS spoken by each main character of The Office [OC]
*The Office Character Speech Frequency [OC]
*Interaction graph of 18 characters in The Office [OC]"
25,9,4.715063571929932,3.463158475028144,"Optimal routes from the geographic center of the U.S. to all counties [OC]
*[OC] Map showing the latest situation in Ukraine today with territory gained by Russia
*Foundation of ~2500 american cities/towns on an animated map [OC]
*[OC] Map showing how flights are now avoiding Belarus airspace
*Commuter Regions of the United States [OC]
*Animation: the 10 biggest cities in the world, 1500-2018 [OC]
*[OC] I am leaving a job that required frequent international travel. Here is a map of my flights for the last 5 years.
*[OC] Animation of when land was first developed in the US and construction of the railways
*[OC] 24 hours of flights between Europe and the US. Made with PHP + Imagick. Using open data from Eurocontrol."
36,22,4.677501375024969,6.763815424659035,"Tinder over 3 years (18-21 Male) [OC]
*[OC] My poop calendar 2019
*Every Single Hour Of My 2017 Recorded [OC]
*My 500 days on OkCupid [OC]
*[OC] Oreos I have not stress-eaten yet
*Searches for International Men's Day peak every International Women's Day [OC]
*[OC] I wondered why girls put their Snapchat in their Tinder bio so I added every one I saw for two months and here are the results.
*[OC] I tracked every hour of my life for 5 years.
*[OC] My 28 Days on Tinder
*[OC] I tracked the number of times my family mentioned me getting married over the past year, plotted and printed it.
*Today an acquaintance tried to recruit me into his MLM, so I dug into the companies data to show why that would be a terrible idea [OC].
*My phone activity before and after I met a girl [OC]
*I pet my 3 cats as much as they wanted for a week (and charted it!) [OC]
*Entire text history with my GF, from first swipe on Bumble until today [OC]
*I tracked all of my gaming time between December 2019 and November 2021 [OC]
*Made this for my bf on our one year anniversary [OC]
*Daily messaging frequency with my gf looks like NY (almost a year) [OC]
*I tracked all of my cats meows for 24 hours [OC]
*I wore an eye tracker while playing Overwatch (full video in comments) [OC]
*[OC] I kept count of how many times I nutted per day in 2020
*Dating in the internet age: 1995 vs. 2017 [OC]
*First year of life for six Swainson's Hawks [OC]"
38,5,3.059608554840088,6.023418235778808,"YouTube's Top 100 Most Subscribed 2010 vs 2019 [OC]
*Netflix's 2021 Fiscal Year, Visualized [OC]
*John Oliver's impact on FCC Net Neutrality Filings [Updated] [OC]
*[OC] The Cost Of Cable Vs. Top Streaming Subscriptions
*[OC] Every Possible Wordle Solution Visualized (With Interactivity!)"
14,18,7.3969230386945934,3.3450888792673745,"[OC] People Killed by Police Forces (Annual rate per 10 million people)
*WW2 killed 27 million Russians. Every 25 years you see an echo of this loss of population in the form of a lower birth rate.
*[OC] Abortion Deaths in the USA (1968-2018)
*[OC] Who Makes More: Teachers or Cops?
*Passenger fatalities per billion passenger miles [OC]
*[OC] Despite the memes, the gender reveal party is only responsible for 0.4% of the area burned so far in California's 2020 wildfire season. More than 77% was due to unusually high numbers of dry lightning strikes. This data does not include Oregon's fires.
*Police killing rates in G7 members [OC]
*I suffer from depression and after a painful breakup in 2018 I decided to monitor how many times a day I thought killing myself for a year. This chart shows when I finally decided to go to therapy and quit suffering. [OC]
*[OC] Bolivia's Infant Mortality Has Dropped Below the World's Average
*Death penalty: execution rates in G20 members in 2016 [OC]
*Over the past three decades, deaths of despair among whites without a college degree - especially those under age 50 - have soared
*Schools are safer than they were in the 90s, and school shootings are not more common than they used to be, researchers say
*Gun deaths from homicide vs. suicide in US states, 2017 [OC]
*Compared with 1990 there are 17,000 fewer child deaths every day. This is equivalent to averting the crashes of 27 jumbo jets full of children every single day.
*Suicide Rates in Young Men and Women by Country [OC]
*[OC] The Homicide Rate in Vatican City
*[OC] S√£o Paulo cut its homicide rate by 90% and is now about as safe as Boston. Mexico City is currently safer than Dallas and Denver.
*The useless correlation between US spending on science and suicides by hanging"
30,8,5.104966342449188,3.0554525554180145,"[OC] Continents &amp; Countries Compared
*[OC] What do Europeans feel most attached to - their region, their country, or Europe?
*African countries people can name from memory [OC]
*1000 years of national borders in Europe, overlaid on one map. [OC]
*History of Europe 1500-2022 in Country balls [OC]
*World countries shown as correctly sized rectangles (50 largest countries are labelled in size order) [OC]
*The Periodic Table with country and date of discovery [OC]
*[OC] Don't trust a choropleth map...evidence from Switzerland! ;-)"
2,9,7.116495291392009,4.8968305587768555,"Public opinion of same-sex relations in the United States [OC]
*Data Finds Republicans are Obsessed with Searching for Transgender Porn
*In U.S., 87% Approve of Black-White Marriage, vs. 4% in 1958
*The U.S. House of Representatives voted Tuesday to statutorily codify gay marriage into law. The vote was 267 Yes, 157 No. Here's how every Member voted. [OC]
*[OC] For the first time, fewer than half of Americans say they ‚Äúknow God really exists‚Äù and have ‚Äúno doubts about it‚Äù
*[OC] Comparison between US general population and the 117th US Congress for Religion, Ethnicity, and Sex
*[OC] Americans consider Politicians more Immoral than Pornstars and Spies. Shows only ‚ÄúVery Immoral‚Äù responses.
*Decriminalization of same-sex sexual intercourse in the United States [OC]
*Same Sex Marriage Laws in the USA 1995-2015 [OC]"
12,13,5.9709302095266485,4.714379163888784,"[OC] Richest people in the world since 1997
*[OC] Net worth comparison of the top 10 richest person in the world in March 2020 and January 2021
*[OC] The rich got richer during the pandemic! Well of course they did...
*Bill Gates just surpassed Jeff Bezos as the richest person on Earth, with a net worth of $110 billion. Here are some bar graphs that put it in proportion with other points of reference. The scale is quite stark.
*[OC] Global wealth inequality in 2021 visualized by comparing the bottom 80% with increasingly smaller groups at the top of the distribution
*A bar chart comparing Jeff Bezo's wealth to pretty much everything (it's worth the scrolling)
*Everyone Thinks They Are Middle Class [OC]
*[OC] The Top 10 Wealthiest Billionaires
*[OC] Wealth Inequality across the world
*[OC] If there were only 10 people on earth, this is how wealth would be distributed.
*The Secret of Success from the Perspective of the Rich, Middle Class &amp; Poor [OC]
*[OC] The world's 10 richest women
*[OC] Norway's Oil Fund vs. Top 10 Billionaires"
3,12,4.872576276461284,2.2921582460403442,"[OC] China emits more CO2 than the entire Western hemisphere
*[OC] China's CO2 emissions almost surpass the G7
*UK Just Had a 62 Day Coal Free Electricity Run [OC]
*Britain's electricity generation mix over the last 100 years [OC]
*[OC] Countries that produce the most energy from wind
*Bitcoin Mining Now Consuming More Electricity Than 159 Countries Including Ireland &amp; Most Countries In Africa [OC]
*[OC] The origins of Germany's natural gas
*[OC] Which countries produce a greater proportion of global CO2 emissions than their proportion of the global population?
*[OC] Worst Celebrity Private Jet CO2 Emissions Offenders (2022)
*[OC] CO2 Emissions from the biggest economies from 1900 to 2019
*Percentage of all fossil fuel emissions that have occurred in my lifetime [OC]
*[OC] Top Countries By Crude Oil Production Since 1973"
39,7,2.9163292476109097,5.721223763057163,"[OC] Global Annual Gaming Console Sales 2002 to January 2021
*[OC] Most popular websites since 1993
*Fraction of Total Videogame Sales by Genre [OC]
*[OC] AirPods Revenue vs. Top Tech Companies
*Best selling video game consoles 1977 - 2019 [OC]
*[OC] Video view count for GameStop hearing vs all other videos on the same channel over last 12 months
*[OC] Google searches for ""cancel HBO subscription"" this past week"
27,10,4.609668445587158,7.454706048965454,"My daughters sleeping patterns for the first 4 months of her life. One continuous spiral starting on the inside when she was born, each revolution representing a single day. Midnight at the top (24 hour clock). [OC]
*[OC] 2 years of my GF and I tracking the sleep quality impact of various choices/behaviours. These were the 8 most significant effects
*[OC] My GF and I tracked the effect of 10 different 30-day Sleep Quality experiments over the last 18 months.
*What percentage of the world is asleep or awake as the day progresses (assuming a solid 8 hours at night!) [OC]
*[OC] My daughter's complete first year of sleep
*[OC] UPDATE - 2.5 years of my GF and I tracking the sleep quality impact of various choices/behaviours. These were the 9 most significant effects. Note - white dash indicates the % effect 5 months ago.
*My girlfriend's sleeping habits....during movies. [OC]
*I Logged 2,000 Nights of Sleep (6 years) [OC]
*Sleep pattern of baby 3-6 months [OC]
*[OC] My wife and I finally have my 18 month old on a consistent sleep schedule! Data from the month of April."
21,15,3.692261012395223,2.508622074127197,"[OC] The Lost State of Florida: Worst Case Scenario for Rising Sea Level
*Short-term atmospheric response to Tonga eruption [OC]
*Tonga Eruption as seen in Infrared Satellite Data [OC]
*100 years of hurricane paths animated [OC]
*Timelapse of Hurricane Irma predictions vs actual path [OC]
*Sea level rise since 1880 [OC]
*Where and when rivers flooded from Hurricane Irma; USGS [OC]
*The stratospheric polar vortex from Dec 2020 to mid-Jan 2021 [OC]
*[OC] Animated wind contours using GFS model data
*An atmospheric river just spanned the entire Pacific. This map shows it in action over the course of 11 days. [OC]
*Length of day as the year progresses for each latitude in the world [OC]
*First 60 hours of the global atmospheric response to the Tonga eruption in Jan 2022, using two satellites [OC]
*Smoke from the west coast was met by tropical storms on the east coast. These storms blocked, steered, and influenced the course of the advancing plume. [OC]
*New map of aerosol components shows Hurricane Lane, North American Wildfires, dust from the Sahara reaching Portugal and Spain, and two typhoons in the West Pacific [OC]
*The Thermal Structure of Hurricane Maria. Super Cold, High Cloud Tops are Abundant Near the Stormy Eyewall [OC]"
8,10,4.419023895263672,4.461307048797607,"Average flag colour by latitude [OC]
*Most Popular Colors In Among Us [OC]
*[OC] What would the UK flag look like if it represented its constituent nations proportionally?
*[OC] Similarity in Color Palettes and Orange between 2049 and 2020 in San Francisco.
*Color composition of Red-White-Blue flags [OC]
*The r/place canvas where every pixel's color is the average of all colors placed at that location [OC]
*Average colors of the world
*[OC] Car color distribution broken down by production year (Poland)
*[OC] Every color in Moby-Dick (in order)
*Average flags of the world: means, modes and medians [OC]"
26,5,5.406504154205322,3.512859010696411,"Japan's work to reduce homelessness [OC]
*Russians are trying to flee Putin‚Äôs chaos - More Russians are asking Google ‚Äúhow to leave Russia‚Äù than have done so in 18 years since such data became public
*Here's How America Uses Its Land
*If all 533 million compromised Facebook accounts were a country [OC]
*[OC] United States of Energy: Most Produced Type of Electricity in Each State"
46,5,4.201191711425781,5.602284145355225,"[OC] Do you belief in ghosts?
*Asking 100 people for a random number from 1 to 10 [OC]
*[OC] How probable is ......?
*[OC] I asked 100 people to pick a number between 1-100.
*I asked 1000 people to take their pic for free on the street [OC]"
44,11,4.306177789514715,3.5105662779374556,"[OC] The quickest route along primary roadways to Washington D.C. from any point in the United States
*Remarkable map: Where can North Korea's missiles reach?
*All roads lead to Rome. This map is visualises the famous roads built by the Roman empire. I have removed the land to highlight how far this empire spread its infrastructure. [OC]
*Only the roads of Great Britain [OC]
*Map of India from all its roads [OC]
*Karen map [OC]
*A detailed shaded relief map of Manhattan New York rendered from LiDAR data [OC]
*All of the Roads in Ireland on OpenStreetMap Over Time [OC]
*Map of Manhattan in the style of Joy Division [OC]
*[OC] Visualising how long it takes to drive from Dublin to other locations in Ireland &amp; Northern Ireland
*Delhi Metro Map vs True Geometry [OC]"
31,14,5.377307823726109,2.8392679350716725,"Population distribution in Canada [OC]
*Fewest countries with more than half the land, people and money [OC]
*[OC] Population density of Europe!
*[OC] Germany's population density as a joy plot map!
*Where do the world's ~1 billion sheep live? [OC]
*Smallest area where 50%, 90% and 99% of the world live [OC]
*[OC] Visualization of the United Arab Emirates Population Density in 2020
*Population density of Egypt. [OC]
*The Humanity Globe: World Population Density per 30km^2 [OC]
*The World according to Trump - The area of each country is proportional to the number of times it was mentioned by Trump [OC]
*Centre of population for each country in the world same number of people east an west and north and south of point [OC]
*Fitting european countries in Indonesia by population, Indonesia is huge [OC]
*[OC] Visualization of Switzerland's Population Density in 2020
*For each country in the world the red area shows the smallest area where 95% of them live, the percentage is how much land this represents for each country [OC]"
4,10,5.443240356445313,4.757208824157715,"The five largest companies in 2010 vs 2020 [OC]
*[OC] I spent the last 18 months of lockdown pouring my soul into a website that allows you to visualize virtually every U.S. company's international supply chain. E.g. What products, how much, which factories and where does Walmart import from? (Just type a company in the search box)
*World's Oldest Companies [OC]
*~80% of the 50 largest public companies are connected to one another through 1 or more shared board member(s) [OC]
*Big companies‚Äô logo drawn by memory of 150 people. Source: https://www.signs.com/branded-in-memory/
*Top 50 Largest Corporations by Revenue [OC]
*The Dutch East India Company was worth $7.9 Trillion at its peak - more than 20 of the largest companies today
*[OC]History and success of Coups and US involvement in the past
*The World's Most Valuable Brands [OC]
*[OC] World Leaders by Age"
7,6,6.659238735834758,3.665194590886434,"[OC] US states which do not have residents arrested for January 6 offences
*Life Expectancy in the United States 1900-2018 [OC]
*The average American now has the same chance of a long and healthy life as someone born in Blackpool, the town with England's lowest life expectancy.
*[OC] US states sorted by life expectancy, colored by Biden's share of the 2020 Presidential Election
*[OC] Countries with a Higher Life Expectancy than The United States (World Health Organization 2019)
*[OC] Falling fertility around the world, 100+ years."
45,10,3.884985661506653,5.351804971694946,"[OC] Why RANDU is a bad random number generator
*Just released a hockey game on Steam where you can pick your player number. Here are the results. [OC]
*[OC] PRIME NUMBERS: whenever n was a prime number, the path changed 90 degrees clockwise, with 100.000 numbers (credit to u/Franghein for making a prettier but much shorter version of this)
*My 3-Year Chess Progression, with Highlighted Stats &amp; Games [OC]
*Summary of the first 1000 games I played in 'Among Us' [OC]
*[OC] How to Mathematically Win at Rock, Paper, Scissors
*[OC] Where is each chess piece usually captured? Data from 15000 games
*Randomness of different card shuffling techniques [OC]
*[OC] The probability of winning a battle as an attacker in the board game Risk
*Relationship Between ""The Queen's Gambit"" and ""Learn Chess"" [OC]"
11,5,6.206933689117432,5.105205917358399,"The cost of our ‚Äúinexpensive‚Äù wedding (US, 2019) [OC]
*[OC] The cost of the 2022 FIFA World Cup in Qatar is astronomical, even when comparing to the GDP of the host country in the host year.
*Share of young adults living with their parents [OC]
*Household ownership of consumer goods in India [OC]
*The Changing American Household [OC]"
28,13,5.657022732954759,3.1702489119309645,"Japan's Population Problem, Visualized [OC]
*[OC] A Photo-Finish Race for the Most Gold Medals at Tokyo 2020: USA 39, China 38
*Age Distribution for the 10 Largest Countries [OC]
*[OC] Top Olympic Medal Earning Countries
*Animated world population 1950-2100. [OC]
*Preferred alcoholic beverage by country in Europe: 1990 vs. 2015 [OC]
*Countries that appeared most frequently in NYT headlines each month since 1900 [OC]
*[OC] Finland joins NATO, more than doubling the alliance's border with Russia
*10 Largest Countries by Population [OC]
*The Population of Kanto in Pokemon Red and Blue [OC]
*[OC] Nevada Split into 2 Areas of Equal Population. Blue and Green spaces each have around 1.35 Million People
*[OC] Most Common Foreign Nationals in Japan, by Prefecture
*[OC] Ranking countries according to number of internet users from 1990 to 2020"